material,baldosa_n,ancho_m,largo_m,orientacion,pieza_y_ubicacion
Moret,1,0.596,1.180,normal,"0.596x1.180 @(495.26,-90.93)"
Moret,2,0.596,1.150,normal,"0.596x1.150 @(500.57,-87.31)"
Moret,3,0.596,1.150,normal,"0.596x1.150 @(503.65,-88.47)"
Moret,4,0.596,1.150,normal,"0.596x1.150 @(503.04,-88.47)"
Moret,5,0.596,1.150,normal,"0.596x1.150 @(500.57,-88.47)"
Moret,6,0.596,1.146,normal,"0.596x1.146 @(496.46,-83.77)"
Moret,7,0.596,1.146,normal,"0.596x1.146 @(495.86,-83.77)"
Moret,8,0.596,1.146,normal,"0.596x1.146 @(495.26,-83.77)"
Moret,9,0.596,1.146,normal,"0.596x1.146 @(494.65,-83.77)"
Moret,10,0.596,1.146,normal,"0.596x1.146 @(494.05,-83.77)"
Moret,11,0.596,1.146,normal,"0.596x1.146 @(492.85,-83.77)"
Moret,12,0.596,1.146,normal,"0.596x1.146 @(492.25,-83.77)"
Moret,13,0.596,1.146,normal,"0.596x1.146 @(491.64,-83.77)"
Moret,14,0.596,1.146,normal,"0.596x1.146 @(491.04,-83.77)"
Moret,15,0.596,1.146,normal,"0.596x1.146 @(490.44,-83.77)"
Moret,16,0.596,1.146,normal,"0.596x1.146 @(489.84,-83.77)"
Moret,17,0.596,1.120,normal,"0.596x1.120 @(497.06,-87.30)"
Moret,18,0.596,1.120,normal,"0.596x1.120 @(495.86,-90.90)"
Moret,19,0.596,1.120,normal,"0.596x1.120 @(497.06,-90.90)"
Moret,20,0.596,1.114,normal,"0.596x1.114 @(496.46,-82.56)"
Moret,21,0.596,1.114,normal,"0.596x1.114 @(495.86,-82.56)"
Moret,22,0.596,1.114,normal,"0.596x1.114 @(495.26,-82.56)"
Moret,23,0.596,1.114,normal,"0.596x1.114 @(494.65,-82.56)"
Moret,24,0.596,1.114,normal,"0.596x1.114 @(494.05,-82.56)"
Moret,25,0.596,1.114,normal,"0.596x1.114 @(492.85,-82.56)"
Moret,26,0.596,1.114,normal,"0.596x1.114 @(492.25,-82.56)"
Moret,27,0.596,1.114,normal,"0.596x1.114 @(491.64,-82.56)"
Moret,28,0.596,1.114,normal,"0.596x1.114 @(491.04,-82.56)"
Moret,29,0.596,1.114,normal,"0.596x1.114 @(490.44,-82.56)"
Moret,30,0.596,1.114,normal,"0.596x1.114 @(489.84,-82.56)"
Moret,31,0.596,1.110,normal,"0.596x1.110 @(496.46,-92.02)"
Moret,32,0.596,1.110,normal,"0.596x1.110 @(495.86,-92.02)"
Moret,33,0.596,1.110,normal,"0.596x1.110 @(497.06,-92.02)"
Moret,34,0.596,1.109,normal,"0.596x1.109 @(497.06,-89.17)"
Moret,35,0.596,1.104,normal,"0.596x1.104 @(506.91,-89.18)"
Moret,36,0.596,1.104,normal,"0.596x1.104 @(504.50,-89.18)"
Moret,37,0.596,1.104,normal,"0.596x1.104 @(507.51,-89.18)"
Moret,38,0.596,1.096,normal,"0.596x1.096 @(503.64,-91.98)"
Moret,39,0.596,1.096,normal,"0.596x1.096 @(503.04,-91.98)"
Moret,40,0.596,1.086,normal,"0.596x1.086 @(493.45,-83.80)"
Moret,41,0.596,1.086,normal,"0.596x1.086 @(497.06,-83.80)"
Moret,42,0.596,1.074,normal,"0.596x1.074 @(493.45,-82.54)"
Moret,43,0.596,1.074,normal,"0.596x1.074 @(497.06,-82.54)"
Moret,44,0.596,1.050,normal,"0.596x1.050 @(493.45,-92.05)"
Moret,45,0.596,1.050,normal,"0.596x1.050 @(492.85,-92.05)"
Moret,46,0.596,1.050,normal,"0.596x1.050 @(492.25,-92.05)"
Moret,47,0.596,1.050,normal,"0.596x1.050 @(491.64,-92.05)"
Moret,48,0.596,1.050,normal,"0.596x1.050 @(491.04,-92.05)"
Moret,49,0.596,1.050,normal,"0.596x1.050 @(490.44,-92.05)"
Moret,50,0.596,1.050,normal,"0.596x1.050 @(489.84,-92.05)"
Moret,51,0.498,1.150,normal,"0.498x1.150 @(500.02,-87.31)"
Moret,51,0.078,1.194,normal,"0.078x1.194 @(504.16,-88.03)"
Moret,52,0.498,1.150,normal,"0.498x1.150 @(500.02,-88.47)"
Moret,52,0.078,1.104,normal,"0.078x1.104 @(504.16,-89.18)"
Moret,53,0.518,1.062,normal,"0.518x1.062 @(504.20,-86.03)"
Moret,53,0.072,1.107,normal,"0.072x1.107 @(507.78,-92.78)"
Moret,54,0.394,1.194,normal,"0.394x1.194 @(497.56,-81.41)"
Moret,54,0.168,1.110,normal,"0.168x1.110 @(495.47,-92.02)"
Moret,55,0.394,1.109,normal,"0.394x1.109 @(497.56,-89.17)"
Moret,55,0.136,1.194,normal,"0.136x1.194 @(494.89,-89.12)"
Moret,55,0.045,1.110,normal,"0.045x1.110 @(507.79,-84.33)"
Moret,56,0.394,1.074,normal,"0.394x1.074 @(497.56,-82.54)"
Moret,56,0.089,0.900,normal,"0.089x0.900 @(502.61,-85.51)"
Moret,56,0.089,0.900,normal,"0.089x0.900 @(504.08,-90.36)"
Moret,57,0.348,1.194,normal,"0.348x1.194 @(506.44,-85.66)"
Moret,57,0.238,1.120,normal,"0.238x1.120 @(496.28,-90.90)"
Moret,58,0.596,0.688,normal,"0.596x0.688 @(504.50,-87.08)"
Moret,58,0.274,0.439,normal,"0.274x0.439 @(497.50,-89.94)"
Moret,58,0.304,0.348,normal,"0.304x0.348 @(506.44,-86.41)"
Moret,59,0.596,0.688,normal,"0.596x0.688 @(505.11,-87.08)"
Moret,59,0.150,0.471,normal,"0.150x0.471 @(495.63,-88.17)"
Moret,59,0.150,0.471,normal,"0.150x0.471 @(495.63,-88.17)"
Moret,59,0.136,0.471,normal,"0.136x0.471 @(494.89,-88.17)"
Moret,59,0.136,0.439,normal,"0.136x0.439 @(494.89,-89.94)"
Moret,60,0.596,0.688,normal,"0.596x0.688 @(505.71,-87.08)"
Moret,61,0.596,0.684,normal,"0.596x0.684 @(506.91,-88.28)"
Moret,62,0.596,0.684,normal,"0.596x0.684 @(507.51,-88.28)"
Moret,63,0.589,0.598,normal,"0.589x0.598 @(496.46,-88.23)"
Moret,63,0.436,0.518,normal,"0.436x0.518 @(504.20,-85.28)"
Moret,64,0.284,1.194,normal,"0.284x1.194 @(494.50,-88.53)"
Moret,64,0.284,1.194,normal,"0.284x1.194 @(494.50,-89.73)"
Moret,65,0.527,0.598,normal,"0.527x0.598 @(503.64,-85.23)"
Moret,65,0.330,0.589,normal,"0.330x0.589 @(495.99,-88.23)"
Moret,66,0.270,1.150,normal,"0.270x1.150 @(502.36,-87.31)"
Moret,66,0.270,1.150,normal,"0.270x1.150 @(502.09,-87.31)"
Moret,66,0.040,1.111,normal,"0.040x1.111 @(507.76,-90.47)"
Moret,67,0.270,1.150,normal,"0.270x1.150 @(501.82,-87.31)"
Moret,67,0.270,1.150,normal,"0.270x1.150 @(501.55,-87.31)"
Moret,68,0.270,1.150,normal,"0.270x1.150 @(501.28,-87.31)"
Moret,68,0.270,1.150,normal,"0.270x1.150 @(501.01,-87.31)"
Moret,69,0.270,1.150,normal,"0.270x1.150 @(501.01,-88.47)"
Moret,69,0.270,1.150,normal,"0.270x1.150 @(501.28,-88.47)"
Moret,70,0.270,1.150,normal,"0.270x1.150 @(501.55,-88.47)"
Moret,70,0.270,1.150,normal,"0.270x1.150 @(501.82,-88.47)"
Moret,71,0.270,1.150,normal,"0.270x1.150 @(502.09,-88.47)"
Moret,71,0.270,1.150,normal,"0.270x1.150 @(502.36,-88.47)"
Moret,72,0.252,1.188,normal,"0.252x1.188 @(495.08,-92.12)"
Moret,72,0.250,1.150,normal,"0.250x1.150 @(502.62,-87.31)"
Moret,72,0.078,0.688,normal,"0.078x0.688 @(504.16,-87.08)"
Moret,73,0.250,1.150,normal,"0.250x1.150 @(502.62,-88.47)"
Moret,73,0.304,0.598,normal,"0.304x0.598 @(505.37,-86.41)"
Moret,73,0.304,0.540,normal,"0.304x0.540 @(504.79,-86.41)"
Moret,74,0.471,0.600,normal,"0.471x0.600 @(495.26,-88.17)"
Moret,75,0.439,0.600,normal,"0.439x0.600 @(497.06,-89.94)"
Moret,76,0.439,0.600,normal,"0.439x0.600 @(496.46,-89.94)"
Moret,77,0.439,0.600,normal,"0.439x0.600 @(495.86,-89.94)"
Moret,78,0.439,0.600,normal,"0.439x0.600 @(495.26,-89.94)"
Moret,79,0.304,0.598,normal,"0.304x0.598 @(505.96,-86.41)"
Royal Walnut,80,0.200,1.194,normal,"0.200x1.194 @(497.47,-86.14)"
Royal Walnut,81,0.200,1.194,normal,"0.200x1.194 @(497.47,-84.94)"
Royal Walnut,82,0.200,1.120,normal,"0.200x1.120 @(497.47,-87.30)"
Royal Walnut,83,0.200,1.120,normal,"0.200x1.120 @(497.47,-90.90)"
Royal Walnut,84,0.200,1.111,normal,"0.200x1.111 @(507.44,-90.47)"
Royal Walnut,85,0.200,1.111,normal,"0.200x1.111 @(507.04,-90.47)"
Royal Walnut,86,0.200,1.111,normal,"0.200x1.111 @(506.64,-90.47)"
Royal Walnut,87,0.200,1.111,normal,"0.200x1.111 @(506.23,-90.47)"
Royal Walnut,88,0.200,1.111,normal,"0.200x1.111 @(505.03,-90.47)"
Royal Walnut,89,0.200,1.111,normal,"0.200x1.111 @(504.63,-90.47)"
Royal Walnut,90,0.200,1.111,normal,"0.200x1.111 @(504.22,-90.47)"
Royal Walnut,91,0.200,1.110,normal,"0.200x1.110 @(507.47,-84.33)"
Royal Walnut,92,0.200,1.110,normal,"0.200x1.110 @(507.06,-84.33)"
Royal Walnut,93,0.200,1.110,normal,"0.200x1.110 @(506.66,-84.33)"
Royal Walnut,94,0.200,1.110,normal,"0.200x1.110 @(506.26,-84.33)"
Royal Walnut,95,0.200,1.110,normal,"0.200x1.110 @(505.86,-84.33)"
Royal Walnut,96,0.200,1.110,normal,"0.200x1.110 @(505.46,-84.33)"
Royal Walnut,97,0.200,1.110,normal,"0.200x1.110 @(505.06,-84.33)"
Royal Walnut,98,0.200,1.110,normal,"0.200x1.110 @(504.65,-84.33)"
Royal Walnut,99,0.200,1.110,normal,"0.200x1.110 @(504.25,-84.33)"
Royal Walnut,100,0.200,1.110,normal,"0.200x1.110 @(503.85,-84.33)"
Royal Walnut,101,0.200,1.110,normal,"0.200x1.110 @(497.47,-92.02)"
Royal Walnut,102,0.200,1.107,normal,"0.200x1.107 @(507.44,-92.78)"
Royal Walnut,103,0.200,1.107,normal,"0.200x1.107 @(507.04,-92.78)"
Royal Walnut,104,0.200,1.107,normal,"0.200x1.107 @(506.64,-92.78)"
Royal Walnut,105,0.200,1.107,normal,"0.200x1.107 @(506.23,-92.78)"
Royal Walnut,106,0.200,1.107,normal,"0.200x1.107 @(505.83,-92.78)"
Royal Walnut,107,0.200,1.107,normal,"0.200x1.107 @(505.43,-92.78)"
Royal Walnut,108,0.200,1.107,normal,"0.200x1.107 @(505.03,-92.78)"
Royal Walnut,109,0.200,1.107,normal,"0.200x1.107 @(504.63,-92.78)"
Royal Walnut,110,0.200,1.107,normal,"0.200x1.107 @(504.22,-92.78)"
Royal Walnut,111,0.200,1.086,normal,"0.200x1.086 @(497.47,-83.80)"
Royal Walnut,112,0.200,1.078,normal,"0.200x1.078 @(507.67,-82.63)"
Royal Walnut,113,0.200,1.078,normal,"0.200x1.078 @(507.27,-82.63)"
Royal Walnut,114,0.200,1.078,normal,"0.200x1.078 @(506.86,-82.63)"
Royal Walnut,115,0.200,1.078,normal,"0.200x1.078 @(506.46,-82.63)"
Royal Walnut,116,0.200,1.078,normal,"0.200x1.078 @(506.06,-82.63)"
Royal Walnut,117,0.200,1.078,normal,"0.200x1.078 @(505.66,-82.63)"
Royal Walnut,118,0.200,1.078,normal,"0.200x1.078 @(505.26,-82.63)"
Royal Walnut,119,0.200,1.078,normal,"0.200x1.078 @(504.85,-82.63)"
Royal Walnut,120,0.200,1.078,normal,"0.200x1.078 @(504.45,-82.63)"
Royal Walnut,121,0.200,1.078,normal,"0.200x1.078 @(504.05,-82.63)"
Royal Walnut,122,0.200,1.078,normal,"0.200x1.078 @(503.65,-82.63)"
Royal Walnut,123,0.200,1.078,normal,"0.200x1.078 @(503.25,-82.63)"
Royal Walnut,124,0.200,1.078,normal,"0.200x1.078 @(502.84,-82.63)"
Royal Walnut,125,0.177,1.200,normal,"0.177x1.200 @(499.86,-84.91)"
Royal Walnut,126,0.177,1.200,normal,"0.177x1.200 @(499.86,-83.71)"
Royal Walnut,127,0.200,1.050,normal,"0.200x1.050 @(502.26,-86.04)"
Royal Walnut,128,0.200,1.050,normal,"0.200x1.050 @(501.86,-86.04)"
Royal Walnut,129,0.200,1.050,normal,"0.200x1.050 @(501.46,-86.04)"
Royal Walnut,130,0.200,1.050,normal,"0.200x1.050 @(501.06,-86.04)"
Royal Walnut,131,0.200,1.050,normal,"0.200x1.050 @(500.65,-86.04)"
Royal Walnut,132,0.200,1.050,normal,"0.200x1.050 @(500.25,-86.04)"
Royal Walnut,133,0.182,1.120,normal,"0.182x1.120 @(496.67,-90.90)"
Royal Walnut,134,0.200,1.017,normal,"0.200x1.017 @(500.25,-82.60)"
Royal Walnut,135,0.200,1.017,normal,"0.200x1.017 @(500.65,-82.60)"
Royal Walnut,136,0.200,1.017,normal,"0.200x1.017 @(501.06,-82.60)"
Royal Walnut,137,0.200,1.016,normal,"0.200x1.016 @(501.46,-82.60)"
Royal Walnut,138,0.200,1.016,normal,"0.200x1.016 @(501.86,-82.60)"
Royal Walnut,139,0.200,1.016,normal,"0.200x1.016 @(502.26,-82.60)"
Royal Walnut,140,0.177,1.050,normal,"0.177x1.050 @(499.86,-86.04)"
Royal Walnut,141,0.177,1.017,normal,"0.177x1.017 @(499.86,-82.60)"
Royal Walnut,142,0.200,0.688,normal,"0.200x0.688 @(506.12,-87.08)"
Royal Walnut,142,0.200,0.510,normal,"0.200x0.510 @(507.64,-90.17)"
Royal Walnut,143,0.200,0.600,normal,"0.200x0.600 @(503.65,-84.67)"
Royal Walnut,143,0.200,0.600,normal,"0.200x0.600 @(503.25,-84.67)"
Royal Walnut,144,0.200,0.600,normal,"0.200x0.600 @(502.84,-84.67)"
Royal Walnut,144,0.200,0.600,normal,"0.200x0.600 @(506.03,-90.12)"
Royal Walnut,145,0.200,0.600,normal,"0.200x0.600 @(505.63,-90.12)"
Royal Walnut,145,0.200,0.600,normal,"0.200x0.600 @(505.23,-90.12)"
Royal Walnut,146,0.200,0.510,normal,"0.200x0.510 @(507.24,-90.17)"
Royal Walnut,146,0.200,0.510,normal,"0.200x0.510 @(506.84,-90.17)"
Royal Walnut,147,0.200,0.510,normal,"0.200x0.510 @(506.44,-90.17)"
Royal Walnut,147,0.200,0.510,normal,"0.200x0.510 @(504.83,-90.17)"
Royal Walnut,148,0.200,0.510,normal,"0.200x0.510 @(504.43,-90.17)"
Royal Walnut,148,0.200,0.510,normal,"0.200x0.510 @(507.67,-84.63)"
Royal Walnut,149,0.200,0.510,normal,"0.200x0.510 @(507.27,-84.63)"
Royal Walnut,149,0.200,0.510,normal,"0.200x0.510 @(506.86,-84.63)"
Royal Walnut,150,0.200,0.510,normal,"0.200x0.510 @(506.46,-84.63)"
Royal Walnut,150,0.200,0.510,normal,"0.200x0.510 @(506.06,-84.63)"
Royal Walnut,151,0.200,0.510,normal,"0.200x0.510 @(505.66,-84.63)"
Royal Walnut,151,0.200,0.510,normal,"0.200x0.510 @(505.26,-84.63)"
Royal Walnut,152,0.200,0.510,normal,"0.200x0.510 @(504.85,-84.63)"
Royal Walnut,152,0.200,0.510,normal,"0.200x0.510 @(504.45,-84.63)"
Royal Walnut,153,0.200,0.510,normal,"0.200x0.510 @(504.05,-84.63)"
Royal Walnut,153,0.200,0.506,normal,"0.200x0.506 @(507.64,-93.08)"
Royal Walnut,154,0.200,0.506,normal,"0.200x0.506 @(507.24,-93.08)"
Royal Walnut,154,0.200,0.506,normal,"0.200x0.506 @(506.84,-93.08)"
Royal Walnut,155,0.200,0.506,normal,"0.200x0.506 @(506.44,-93.08)"
Royal Walnut,155,0.200,0.506,normal,"0.200x0.506 @(506.03,-93.08)"
Royal Walnut,156,0.200,0.506,normal,"0.200x0.506 @(505.63,-93.08)"
Royal Walnut,156,0.200,0.506,normal,"0.200x0.506 @(505.23,-93.08)"
Royal Walnut,157,0.200,0.506,normal,"0.200x0.506 @(504.83,-93.08)"
Royal Walnut,157,0.200,0.506,normal,"0.200x0.506 @(504.43,-93.08)"
Royal Walnut,158,0.200,0.449,normal,"0.200x0.449 @(502.06,-86.34)"
Royal Walnut,158,0.200,0.449,normal,"0.200x0.449 @(501.66,-86.34)"
Royal Walnut,159,0.200,0.449,normal,"0.200x0.449 @(501.26,-86.34)"
Royal Walnut,159,0.200,0.449,normal,"0.200x0.449 @(500.86,-86.34)"
Royal Walnut,160,0.200,0.449,normal,"0.200x0.449 @(500.45,-86.34)"
Royal Walnut,160,0.200,0.449,normal,"0.200x0.449 @(500.05,-86.34)"
Royal Walnut,161,0.200,0.449,normal,"0.200x0.449 @(502.46,-86.34)"
Royal Walnut,161,0.200,0.417,normal,"0.200x0.417 @(500.05,-82.30)"
Royal Walnut,162,0.072,1.200,normal,"0.072x1.200 @(507.78,-91.62)"
Royal Walnut,162,0.045,1.200,normal,"0.045x1.200 @(507.79,-83.17)"
Royal Walnut,163,0.200,0.416,normal,"0.200x0.416 @(500.45,-82.30)"
Royal Walnut,163,0.200,0.416,normal,"0.200x0.416 @(500.86,-82.30)"
Royal Walnut,164,0.200,0.416,normal,"0.200x0.416 @(501.26,-82.30)"
Royal Walnut,164,0.200,0.416,normal,"0.200x0.416 @(501.66,-82.30)"
Royal Walnut,165,0.200,0.415,normal,"0.200x0.415 @(502.06,-82.30)"
